delete from app_users;
delete from events;
delete from tickets;
delete from user_accounts;

-- USERS
insert into app_users (id, name, email) values (1, 'Gill Thickens', 'gthickens0@webs.com');
insert into app_users (id, name, email) values (2, 'Olympe Prazor', 'oprazor1@dedecms.com');
insert into app_users (id, name, email) values (3, 'Cedric Tootell', 'ctootell2@yellowpages.com');
insert into app_users (id, name, email) values (4, 'Jena Yablsley', 'jyablsley3@rediff.com');
insert into app_users (id, name, email) values (5, 'Carmelle Finlow', 'cfinlow4@miibeian.gov.cn');
insert into app_users (id, name, email) values (6, 'Florenza MacDonough', 'fmacdonough5@goodreads.com');
insert into app_users (id, name, email) values (7, 'Robinia Sneaker', 'rsneaker6@miibeian.gov.cn');
insert into app_users (id, name, email) values (8, 'Sheila Simonelli', 'ssimonelli7@illinois.edu');
insert into app_users (id, name, email) values (9, 'Fidole Stot', 'fstot8@eepurl.com');
insert into app_users (id, name, email) values (10, 'Parker Knock', 'pknock9@umn.edu');
insert into app_users (id, name, email) values (11, 'Lotta Shard', 'lsharda@t.co');
insert into app_users (id, name, email) values (12, 'Clemmie Ivasechko', 'civasechkob@pen.io');
insert into app_users (id, name, email) values (13, 'Towny Janse', 'tjansec@cbslocal.com');
insert into app_users (id, name, email) values (14, 'Genvieve Royds', 'groydsd@taobao.com');
insert into app_users (id, name, email) values (15, 'Jennica Pizey', 'jpizeye@sohu.com');
insert into app_users (id, name, email) values (16, 'Michaelina Flori', 'mflorif@auda.org.au');
insert into app_users (id, name, email) values (17, 'Marve Crowe', 'mcroweg@telegraph.co.uk');
insert into app_users (id, name, email) values (18, 'Cate Gatsby', 'cgatsbyh@flavors.me');
insert into app_users (id, name, email) values (19, 'Barbey Bleibaum', 'bbleibaumi@odnoklassniki.ru');
insert into app_users (id, name, email) values (20, 'Ramsey Shepley', 'rshepleyj@ucla.edu');
insert into app_users (id, name, email) values (21, 'Bevon Peyro', 'bpeyrok@shop-pro.jp');
insert into app_users (id, name, email) values (22, 'Tracy Scohier', 'tscohierl@theatlantic.com');
insert into app_users (id, name, email) values (23, 'Aila Antonopoulos', 'aantonopoulosm@slashdot.org');
insert into app_users (id, name, email) values (24, 'Minnie O''Hara', 'moharan@cbsnews.com');
insert into app_users (id, name, email) values (25, 'Loutitia Frankiss', 'lfrankisso@bloglines.com');
insert into app_users (id, name, email) values (26, 'Rickie Hasell', 'rhasellp@spiegel.de');
insert into app_users (id, name, email) values (27, 'Francisca Bensley', 'fbensleyq@cargocollective.com');
insert into app_users (id, name, email) values (28, 'Gladys Risborough', 'grisboroughr@imdb.com');
insert into app_users (id, name, email) values (29, 'Rafaellle Standley', 'rstandleys@seesaa.net');
insert into app_users (id, name, email) values (30, 'Rayner Zylberdik', 'rzylberdikt@photobucket.com');
insert into app_users (id, name, email) values (31, 'Christie Barlthrop', 'cbarlthropu@ask.com');
insert into app_users (id, name, email) values (32, 'Mireielle Mullin', 'mmullinv@google.co.jp');
insert into app_users (id, name, email) values (33, 'Elias Darycott', 'edarycottw@merriam-webster.com');
insert into app_users (id, name, email) values (34, 'Stepha Carreck', 'scarreckx@who.int');
insert into app_users (id, name, email) values (35, 'Laverne Dunseith', 'ldunseithy@feedburner.com');
insert into app_users (id, name, email) values (36, 'Carmella Fidal', 'cfidalz@prweb.com');
insert into app_users (id, name, email) values (37, 'Lincoln Brislawn', 'lbrislawn10@indiatimes.com');
insert into app_users (id, name, email) values (38, 'Sheff Darwent', 'sdarwent11@goodreads.com');
insert into app_users (id, name, email) values (39, 'Anne-corinne Cecchetelli', 'acecchetelli12@netscape.com');
insert into app_users (id, name, email) values (40, 'Cornela Kirgan', 'ckirgan13@addtoany.com');
insert into app_users (id, name, email) values (41, 'Giulio Hurndall', 'ghurndall14@google.cn');
insert into app_users (id, name, email) values (42, 'Elmira Warden', 'ewarden15@buzzfeed.com');
insert into app_users (id, name, email) values (43, 'Tabbitha Linder', 'tlinder16@livejournal.com');
insert into app_users (id, name, email) values (44, 'Janessa Benedict', 'jbenedict17@cloudflare.com');
insert into app_users (id, name, email) values (45, 'Stanislaw Sudlow', 'ssudlow18@independent.co.uk');
insert into app_users (id, name, email) values (46, 'Francklin Lewnden', 'flewnden19@sourceforge.net');
insert into app_users (id, name, email) values (47, 'Wallie Troake', 'wtroake1a@pcworld.com');
insert into app_users (id, name, email) values (48, 'Clerkclaude Shurlock', 'cshurlock1b@engadget.com');
insert into app_users (id, name, email) values (49, 'Corrina Spadoni', 'cspadoni1c@reverbnation.com');
insert into app_users (id, name, email) values (50, 'Selena Bolles', 'sbolles1d@sphinn.com');
insert into app_users (id, name, email) values (51, 'Jackelyn Canet', 'jcanet1e@amazon.de');
insert into app_users (id, name, email) values (52, 'Yoko Oby', 'yoby1f@so-net.ne.jp');
insert into app_users (id, name, email) values (53, 'Dru Ferie', 'dferie1g@zdnet.com');
insert into app_users (id, name, email) values (54, 'Hurlee Dallan', 'hdallan1h@mozilla.com');
insert into app_users (id, name, email) values (55, 'Karlotta Warrington', 'kwarrington1i@japanpost.jp');
insert into app_users (id, name, email) values (56, 'Calley Fennick', 'cfennick1j@bizjournals.com');
insert into app_users (id, name, email) values (57, 'Benson Ascrofte', 'bascrofte1k@typepad.com');
insert into app_users (id, name, email) values (58, 'Modesty Britch', 'mbritch1l@dailymotion.com');
insert into app_users (id, name, email) values (59, 'Lianne Bayless', 'lbayless1m@123-reg.co.uk');
insert into app_users (id, name, email) values (60, 'Erny Salmen', 'esalmen1n@de.vu');
insert into app_users (id, name, email) values (61, 'Gwenore Ruffles', 'gruffles1o@epa.gov');
insert into app_users (id, name, email) values (62, 'Shaylynn Rembaud', 'srembaud1p@amazon.co.uk');
insert into app_users (id, name, email) values (63, 'Lyndel Pechet', 'lpechet1q@cafepress.com');
insert into app_users (id, name, email) values (64, 'Helenelizabeth Tomkowicz', 'htomkowicz1r@examiner.com');
insert into app_users (id, name, email) values (65, 'Shanie Fancutt', 'sfancutt1s@spiegel.de');
insert into app_users (id, name, email) values (66, 'Heath Leemans', 'hleemans1t@google.com.au');
insert into app_users (id, name, email) values (67, 'Paxon Bowick', 'pbowick1u@booking.com');
insert into app_users (id, name, email) values (68, 'Lissi Ilott', 'lilott1v@gravatar.com');
insert into app_users (id, name, email) values (69, 'Janie Bourcq', 'jbourcq1w@usa.gov');
insert into app_users (id, name, email) values (70, 'Ibrahim Spear', 'ispear1x@sciencedaily.com');
insert into app_users (id, name, email) values (71, 'Carlen Martland', 'cmartland1y@rakuten.co.jp');
insert into app_users (id, name, email) values (72, 'Claretta Whelan', 'cwhelan1z@blogs.com');
insert into app_users (id, name, email) values (73, 'Ringo Machan', 'rmachan20@webeden.co.uk');
insert into app_users (id, name, email) values (74, 'Kara-lynn O''Rowane', 'korowane21@moonfruit.com');
insert into app_users (id, name, email) values (75, 'Hieronymus Spadelli', 'hspadelli22@nhs.uk');
insert into app_users (id, name, email) values (76, 'Julissa Baptist', 'jbaptist23@addthis.com');
insert into app_users (id, name, email) values (77, 'Donnie Skaife', 'dskaife24@whitehouse.gov');
insert into app_users (id, name, email) values (78, 'Cleo Jephcott', 'cjephcott25@wikipedia.org');
insert into app_users (id, name, email) values (79, 'Corrine Lidgley', 'clidgley26@ovh.net');
insert into app_users (id, name, email) values (80, 'Mayne Dudding', 'mdudding27@hhs.gov');
insert into app_users (id, name, email) values (81, 'Khalil Jobson', 'kjobson28@umn.edu');
insert into app_users (id, name, email) values (82, 'Mario Churn', 'mchurn29@dion.ne.jp');
insert into app_users (id, name, email) values (83, 'Forester Hinkensen', 'fhinkensen2a@icio.us');
insert into app_users (id, name, email) values (84, 'Kimble McElrea', 'kmcelrea2b@qq.com');
insert into app_users (id, name, email) values (85, 'Beniamino Mullineux', 'bmullineux2c@cisco.com');
insert into app_users (id, name, email) values (86, 'Marcello Heighton', 'mheighton2d@ustream.tv');
insert into app_users (id, name, email) values (87, 'Marion Queenborough', 'mqueenborough2e@auda.org.au');
insert into app_users (id, name, email) values (88, 'Denver Byforth', 'dbyforth2f@jugem.jp');
insert into app_users (id, name, email) values (89, 'Pincus Comellini', 'pcomellini2g@statcounter.com');
insert into app_users (id, name, email) values (90, 'Swen Ralling', 'sralling2h@privacy.gov.au');
insert into app_users (id, name, email) values (91, 'Kasey Vondra', 'kvondra2i@vinaora.com');
insert into app_users (id, name, email) values (92, 'Xymenes Kennea', 'xkennea2j@shop-pro.jp');
insert into app_users (id, name, email) values (93, 'Ron Crufts', 'rcrufts2k@goo.ne.jp');
insert into app_users (id, name, email) values (94, 'Celestyn Champkin', 'cchampkin2l@sina.com.cn');
insert into app_users (id, name, email) values (95, 'Addia Potzold', 'apotzold2m@geocities.jp');
insert into app_users (id, name, email) values (96, 'Cindy Kayne', 'ckayne2n@chicagotribune.com');
insert into app_users (id, name, email) values (97, 'Barbi Helliwell', 'bhelliwell2o@slideshare.net');
insert into app_users (id, name, email) values (98, 'Bettina St Ange', 'bst2p@harvard.edu');
insert into app_users (id, name, email) values (99, 'Irena Walling', 'iwalling2q@godaddy.com');
insert into app_users (id, name, email) values (100, 'Benjamin Sager', 'bsager2r@i2i.jp');

-- USER ACCOUNTS
insert into user_accounts (id, user_id, money) values (1, 1, 76);
insert into user_accounts (id, user_id, money) values (2, 2, 60);
insert into user_accounts (id, user_id, money) values (3, 3, 7);
insert into user_accounts (id, user_id, money) values (4, 4, 30);
insert into user_accounts (id, user_id, money) values (5, 5, 3);
insert into user_accounts (id, user_id, money) values (6, 6, 29);
insert into user_accounts (id, user_id, money) values (7, 7, 54);
insert into user_accounts (id, user_id, money) values (8, 8, 68);
insert into user_accounts (id, user_id, money) values (9, 9, 73);
insert into user_accounts (id, user_id, money) values (10, 10, 92);
insert into user_accounts (id, user_id, money) values (11, 11, 35);
insert into user_accounts (id, user_id, money) values (12, 12, 44);
insert into user_accounts (id, user_id, money) values (13, 13, 83);
insert into user_accounts (id, user_id, money) values (14, 14, 84);
insert into user_accounts (id, user_id, money) values (15, 15, 69);
insert into user_accounts (id, user_id, money) values (16, 16, 64);
insert into user_accounts (id, user_id, money) values (17, 17, 56);
insert into user_accounts (id, user_id, money) values (18, 18, 99);
insert into user_accounts (id, user_id, money) values (19, 19, 53);
insert into user_accounts (id, user_id, money) values (20, 20, 40);
insert into user_accounts (id, user_id, money) values (21, 21, 15);
insert into user_accounts (id, user_id, money) values (22, 22, 75);
insert into user_accounts (id, user_id, money) values (23, 23, 1);
insert into user_accounts (id, user_id, money) values (24, 24, 93);
insert into user_accounts (id, user_id, money) values (25, 25, 19);
insert into user_accounts (id, user_id, money) values (26, 26, 15);
insert into user_accounts (id, user_id, money) values (27, 27, 15);
insert into user_accounts (id, user_id, money) values (28, 28, 45);
insert into user_accounts (id, user_id, money) values (29, 29, 9);
insert into user_accounts (id, user_id, money) values (30, 30, 1);
insert into user_accounts (id, user_id, money) values (31, 31, 67);
insert into user_accounts (id, user_id, money) values (32, 32, 47);
insert into user_accounts (id, user_id, money) values (33, 33, 11);
insert into user_accounts (id, user_id, money) values (34, 34, 32);
insert into user_accounts (id, user_id, money) values (35, 35, 80);
insert into user_accounts (id, user_id, money) values (36, 36, 40);
insert into user_accounts (id, user_id, money) values (37, 37, 63);
insert into user_accounts (id, user_id, money) values (38, 38, 24);
insert into user_accounts (id, user_id, money) values (39, 39, 35);
insert into user_accounts (id, user_id, money) values (40, 40, 74);
insert into user_accounts (id, user_id, money) values (41, 41, 73);
insert into user_accounts (id, user_id, money) values (42, 42, 3);
insert into user_accounts (id, user_id, money) values (43, 43, 78);
insert into user_accounts (id, user_id, money) values (44, 44, 54);
insert into user_accounts (id, user_id, money) values (45, 45, 30);
insert into user_accounts (id, user_id, money) values (46, 46, 71);
insert into user_accounts (id, user_id, money) values (47, 47, 28);
insert into user_accounts (id, user_id, money) values (48, 48, 78);
insert into user_accounts (id, user_id, money) values (49, 49, 76);
insert into user_accounts (id, user_id, money) values (50, 50, 49);
insert into user_accounts (id, user_id, money) values (51, 51, 28);
insert into user_accounts (id, user_id, money) values (52, 52, 82);
insert into user_accounts (id, user_id, money) values (53, 53, 33);
insert into user_accounts (id, user_id, money) values (54, 54, 84);
insert into user_accounts (id, user_id, money) values (55, 55, 13);
insert into user_accounts (id, user_id, money) values (56, 56, 30);
insert into user_accounts (id, user_id, money) values (57, 57, 33);
insert into user_accounts (id, user_id, money) values (58, 58, 87);
insert into user_accounts (id, user_id, money) values (59, 59, 18);
insert into user_accounts (id, user_id, money) values (60, 60, 23);
insert into user_accounts (id, user_id, money) values (61, 61, 82);
insert into user_accounts (id, user_id, money) values (62, 62, 25);
insert into user_accounts (id, user_id, money) values (63, 63, 23);
insert into user_accounts (id, user_id, money) values (64, 64, 46);
insert into user_accounts (id, user_id, money) values (65, 65, 7);
insert into user_accounts (id, user_id, money) values (66, 66, 22);
insert into user_accounts (id, user_id, money) values (67, 67, 6);
insert into user_accounts (id, user_id, money) values (68, 68, 25);
insert into user_accounts (id, user_id, money) values (69, 69, 22);
insert into user_accounts (id, user_id, money) values (70, 70, 35);
insert into user_accounts (id, user_id, money) values (71, 71, 85);
insert into user_accounts (id, user_id, money) values (72, 72, 49);
insert into user_accounts (id, user_id, money) values (73, 73, 26);
insert into user_accounts (id, user_id, money) values (74, 74, 51);
insert into user_accounts (id, user_id, money) values (75, 75, 77);
insert into user_accounts (id, user_id, money) values (76, 76, 29);
insert into user_accounts (id, user_id, money) values (77, 77, 6);
insert into user_accounts (id, user_id, money) values (78, 78, 9);
insert into user_accounts (id, user_id, money) values (79, 79, 54);
insert into user_accounts (id, user_id, money) values (80, 80, 12);
insert into user_accounts (id, user_id, money) values (81, 81, 47);
insert into user_accounts (id, user_id, money) values (82, 82, 73);
insert into user_accounts (id, user_id, money) values (83, 83, 26);
insert into user_accounts (id, user_id, money) values (84, 84, 51);
insert into user_accounts (id, user_id, money) values (85, 85, 96);
insert into user_accounts (id, user_id, money) values (86, 86, 2);
insert into user_accounts (id, user_id, money) values (87, 87, 70);
insert into user_accounts (id, user_id, money) values (88, 88, 69);
insert into user_accounts (id, user_id, money) values (89, 89, 98);
insert into user_accounts (id, user_id, money) values (90, 90, 33);
insert into user_accounts (id, user_id, money) values (91, 91, 70);
insert into user_accounts (id, user_id, money) values (92, 92, 2);
insert into user_accounts (id, user_id, money) values (93, 93, 99);
insert into user_accounts (id, user_id, money) values (94, 94, 88);
insert into user_accounts (id, user_id, money) values (95, 95, 3);
insert into user_accounts (id, user_id, money) values (96, 96, 14);
insert into user_accounts (id, user_id, money) values (97, 97, 93);
insert into user_accounts (id, user_id, money) values (98, 98, 59);
insert into user_accounts (id, user_id, money) values (99, 99, 2);
insert into user_accounts (id, user_id, money) values (100, 100, 43);

-- EVENTS
insert into events (id, title, date, ticket_price) values (1, 'Undercover Man', '2024-05-18 09:45:55', 21);
insert into events (id, title, date, ticket_price) values (2, 'Bridge to the Sun', '2024-01-08 21:20:27', 27);
insert into events (id, title, date, ticket_price) values (3, 'Execution Squad', '2024-09-29 14:29:22', 17);
insert into events (id, title, date, ticket_price) values (4, 'Look What''s Happened to Rosemary''s Baby (a.k.a. Rosemary''s Baby II)', '2024-04-18 04:29:19', 33);
insert into events (id, title, date, ticket_price) values (5, 'Camera Buff (Amator)', '2024-07-14 10:26:51', 18);
insert into events (id, title, date, ticket_price) values (6, 'Rich and Strange', '2024-09-05 19:56:09', 13);
insert into events (id, title, date, ticket_price) values (7, 'Married to It', '2024-04-10 02:06:54', 40);
insert into events (id, title, date, ticket_price) values (8, 'Holly', '2023-12-09 03:20:13', 15);
insert into events (id, title, date, ticket_price) values (9, 'High Time (Big Daddy)', '2024-08-23 03:43:38', 14);
insert into events (id, title, date, ticket_price) values (10, 'Atomic States of America, The', '2024-07-19 12:50:21', 18);
insert into events (id, title, date, ticket_price) values (11, 'Leave The World Behind', '2023-12-03 15:44:50', 28);
insert into events (id, title, date, ticket_price) values (12, 'Robber, The (Der Räuber)', '2024-03-28 16:52:07', 40);
insert into events (id, title, date, ticket_price) values (13, 'And Your Mother Too (Y tu mamá también)', '2023-10-24 21:05:04', 25);
insert into events (id, title, date, ticket_price) values (14, 'Mirror Mirror', '2023-12-07 14:58:41', 25);
insert into events (id, title, date, ticket_price) values (15, 'Eddie Izzard: Dress to Kill', '2024-09-07 05:29:34', 27);
insert into events (id, title, date, ticket_price) values (16, 'Liz & Dick ', '2024-08-11 10:54:52', 36);
insert into events (id, title, date, ticket_price) values (17, 'Cowboy', '2024-08-30 23:30:14', 20);
insert into events (id, title, date, ticket_price) values (18, 'Open Up to Me (Kerron sinulle kaiken)', '2024-07-25 19:25:19', 12);
insert into events (id, title, date, ticket_price) values (19, 'Orderly or Disorderly (Be Tartib ya Bedoun-e Tartib)', '2024-05-13 19:49:32', 18);
insert into events (id, title, date, ticket_price) values (20, 'Back to the Beach', '2024-06-30 08:12:32', 18);
insert into events (id, title, date, ticket_price) values (21, 'Going to Kansas City', '2023-12-25 00:23:58', 31);
insert into events (id, title, date, ticket_price) values (22, 'Pelican, The (Le Pelican)', '2024-09-26 12:46:09', 11);
insert into events (id, title, date, ticket_price) values (23, 'Masked & Anonymous', '2024-05-20 14:40:46', 10);
insert into events (id, title, date, ticket_price) values (24, 'Rush Hour 2', '2023-10-06 18:20:58', 34);
insert into events (id, title, date, ticket_price) values (25, 'Route Irish', '2024-05-15 07:41:37', 33);
insert into events (id, title, date, ticket_price) values (26, 'Hitman', '2024-07-13 18:04:41', 15);
insert into events (id, title, date, ticket_price) values (27, 'Tailor of Panama, The', '2024-06-21 16:27:07', 19);
insert into events (id, title, date, ticket_price) values (28, 'Rebirth of Mothra II', '2024-01-05 18:43:18', 13);
insert into events (id, title, date, ticket_price) values (29, 'S.F.W.', '2024-01-01 22:41:07', 26);
insert into events (id, title, date, ticket_price) values (30, 'Never Sleep Again: The Elm Street Legacy', '2024-05-14 20:52:06', 21);
insert into events (id, title, date, ticket_price) values (31, 'Where''s Poppa?', '2024-04-14 22:34:08', 40);
insert into events (id, title, date, ticket_price) values (32, 'Numbers Station, The', '2024-10-02 23:44:18', 11);
insert into events (id, title, date, ticket_price) values (33, 'Bounty Killer', '2024-03-06 05:11:36', 24);
insert into events (id, title, date, ticket_price) values (34, 'Tess of the Storm Country', '2023-10-19 16:03:10', 34);
insert into events (id, title, date, ticket_price) values (35, 'Ghajini', '2024-01-14 03:49:46', 12);
insert into events (id, title, date, ticket_price) values (36, 'Power of Nightmares, The: The Rise of the Politics of Fear', '2023-10-10 18:57:55', 25);
insert into events (id, title, date, ticket_price) values (37, 'Youth in Revolt', '2024-01-02 05:15:03', 16);
insert into events (id, title, date, ticket_price) values (38, 'Space', '2024-02-02 20:20:49', 31);
insert into events (id, title, date, ticket_price) values (39, 'Boxer, The', '2024-04-10 16:38:09', 40);
insert into events (id, title, date, ticket_price) values (40, 'Silent Fall', '2024-05-03 12:18:41', 29);
insert into events (id, title, date, ticket_price) values (41, 'Bachelor, The', '2023-12-04 01:41:20', 7);
insert into events (id, title, date, ticket_price) values (42, 'Hard Man, The', '2023-11-22 13:36:04', 12);
insert into events (id, title, date, ticket_price) values (43, 'Slim Susie (Smala Sussie)', '2024-08-13 08:43:12', 10);
insert into events (id, title, date, ticket_price) values (44, 'Last Lovecraft: Relic of Cthulhu, The', '2024-05-25 02:14:48', 13);
insert into events (id, title, date, ticket_price) values (45, 'Recollections of the Yellow House (Recordações da Casa Amarela)', '2024-05-01 20:36:57', 18);
insert into events (id, title, date, ticket_price) values (46, 'Pursued', '2023-11-30 01:55:39', 21);
insert into events (id, title, date, ticket_price) values (47, 'Crawlspace', '2024-05-27 10:02:48', 22);
insert into events (id, title, date, ticket_price) values (48, 'En rachâchant', '2023-10-16 11:49:35', 27);
insert into events (id, title, date, ticket_price) values (49, 'Two for the Money', '2024-05-30 06:08:45', 8);
insert into events (id, title, date, ticket_price) values (50, 'Zone 39', '2024-09-02 19:07:56', 27);
insert into events (id, title, date, ticket_price) values (51, 'Waking Ned Devine (a.k.a. Waking Ned)', '2024-02-05 08:31:16', 30);
insert into events (id, title, date, ticket_price) values (52, 'Nomads', '2024-10-03 22:54:44', 15);
insert into events (id, title, date, ticket_price) values (53, 'Raising Helen', '2024-05-23 08:48:09', 20);
insert into events (id, title, date, ticket_price) values (54, 'Brides (Nyfes)', '2024-01-15 14:26:12', 29);
insert into events (id, title, date, ticket_price) values (55, 'Condo Painting', '2024-06-17 04:38:12', 30);
insert into events (id, title, date, ticket_price) values (56, 'Lenny', '2024-05-29 23:15:25', 39);
insert into events (id, title, date, ticket_price) values (57, 'Scotland, Pa.', '2024-07-04 16:08:47', 36);
insert into events (id, title, date, ticket_price) values (58, 'Night Catches Us', '2023-11-21 14:14:38', 23);
insert into events (id, title, date, ticket_price) values (59, 'Just Buried', '2024-05-04 13:18:17', 25);
insert into events (id, title, date, ticket_price) values (60, 'Last Call, The (Tercera Llamada)', '2024-09-10 02:04:02', 12);
insert into events (id, title, date, ticket_price) values (61, 'Big Trouble', '2024-09-15 17:02:41', 18);
insert into events (id, title, date, ticket_price) values (62, 'Hey Arnold! The Movie', '2023-11-22 10:32:17', 17);
insert into events (id, title, date, ticket_price) values (63, 'Things Are Tough All Over', '2024-08-24 01:30:24', 9);
insert into events (id, title, date, ticket_price) values (64, 'Tamara', '2024-02-26 09:03:23', 19);
insert into events (id, title, date, ticket_price) values (65, 'This Means War', '2023-11-29 05:39:59', 24);
insert into events (id, title, date, ticket_price) values (66, 'Dr. Ehrlich''s Magic Bullet', '2024-09-05 19:52:28', 39);
insert into events (id, title, date, ticket_price) values (67, 'Känd från TV', '2024-06-08 03:05:14', 35);
insert into events (id, title, date, ticket_price) values (68, 'Grande école', '2024-03-10 18:16:45', 16);
insert into events (id, title, date, ticket_price) values (69, 'Professionals, The', '2024-05-04 11:02:36', 7);
insert into events (id, title, date, ticket_price) values (70, 'Summer Things (Embrassez qui vous voudrez)', '2023-11-26 18:11:56', 5);
insert into events (id, title, date, ticket_price) values (71, 'Hundred-Foot Journey, The', '2024-04-03 03:47:01', 14);
insert into events (id, title, date, ticket_price) values (72, 'Death Machine', '2024-02-09 08:33:19', 33);
insert into events (id, title, date, ticket_price) values (73, 'Man from the Future, The (O Homem do Futuro)', '2024-03-18 07:27:15', 24);
insert into events (id, title, date, ticket_price) values (74, 'Librarian: Return to King Solomon''s Mines, The', '2024-06-07 13:19:59', 28);
insert into events (id, title, date, ticket_price) values (75, 'Desk Set', '2024-01-31 15:49:15', 15);
insert into events (id, title, date, ticket_price) values (76, 'Love Wrecked', '2024-08-20 15:16:32', 29);
insert into events (id, title, date, ticket_price) values (77, 'La Morte Rouge', '2024-09-18 21:01:21', 14);
insert into events (id, title, date, ticket_price) values (78, 'Never Too Young to Die', '2024-04-16 09:07:22', 35);
insert into events (id, title, date, ticket_price) values (79, 'Wild Guitar', '2024-09-08 22:50:02', 6);
insert into events (id, title, date, ticket_price) values (80, 'Jack and Diane', '2024-08-14 10:41:15', 28);
insert into events (id, title, date, ticket_price) values (81, 'Dragonquest', '2024-02-28 22:06:27', 39);
insert into events (id, title, date, ticket_price) values (82, 'Asterix and the Big Fight (Astérix et le coup du menhir)', '2024-06-14 16:13:09', 6);
insert into events (id, title, date, ticket_price) values (83, 'Rails & Ties', '2024-08-21 21:37:29', 26);
insert into events (id, title, date, ticket_price) values (84, 'Diamond Dogs', '2024-03-05 05:05:13', 34);
insert into events (id, title, date, ticket_price) values (85, 'Earth vs. the Spider', '2024-04-23 00:05:43', 24);
insert into events (id, title, date, ticket_price) values (86, 'Siete minutos (Seven Minutes)', '2024-04-30 16:02:54', 17);
insert into events (id, title, date, ticket_price) values (87, 'Penguins of Madagascar', '2024-09-15 03:01:46', 8);
insert into events (id, title, date, ticket_price) values (88, 'Undead, The', '2024-08-13 19:54:43', 19);
insert into events (id, title, date, ticket_price) values (89, 'Retrogade', '2024-09-09 20:31:29', 30);
insert into events (id, title, date, ticket_price) values (90, 'Amreeka', '2024-10-02 18:50:33', 25);
insert into events (id, title, date, ticket_price) values (91, 'About Last Night', '2023-10-06 10:06:38', 6);
insert into events (id, title, date, ticket_price) values (92, 'Marie and Bruce', '2024-08-27 12:23:30', 25);
insert into events (id, title, date, ticket_price) values (93, 'Silent Night, Bloody Night', '2024-07-28 23:27:24', 39);
insert into events (id, title, date, ticket_price) values (94, 'Drunken Tai Chi (Siu taai gik)', '2024-05-29 19:30:36', 13);
insert into events (id, title, date, ticket_price) values (95, 'Is Paris Burning? (Paris brûle-t-il?)', '2024-09-27 01:33:15', 9);
insert into events (id, title, date, ticket_price) values (96, 'Miss Zombie', '2023-10-19 07:24:10', 40);
insert into events (id, title, date, ticket_price) values (97, 'Lake Placid', '2023-12-12 19:47:32', 21);
insert into events (id, title, date, ticket_price) values (98, 'Vodka, Mr. Palmu (Vodkaa, komisario Palmu)', '2024-08-13 21:36:49', 28);
insert into events (id, title, date, ticket_price) values (99, 'Sense & Sensibility', '2024-06-06 02:37:58', 9);
insert into events (id, title, date, ticket_price) values (100, 'Stig-Helmer Story, The', '2024-03-15 22:37:58', 30);

--- TICKETS
insert into tickets (id, event_id, user_id, category, place) values (1, 83, 74, 'STANDARD', 94);
insert into tickets (id, event_id, user_id, category, place) values (2, 15, 37, 'STANDARD', 48);
insert into tickets (id, event_id, user_id, category, place) values (3, 53, 88, 'BAR', 89);
insert into tickets (id, event_id, user_id, category, place) values (4, 10, 10, 'PREMIUM', 14);
insert into tickets (id, event_id, user_id, category, place) values (5, 45, 91, 'BAR', 46);
insert into tickets (id, event_id, user_id, category, place) values (6, 82, 32, 'BAR', 68);
insert into tickets (id, event_id, user_id, category, place) values (7, 47, 74, 'BAR', 76);
insert into tickets (id, event_id, user_id, category, place) values (8, 34, 83, 'BAR', 15);
insert into tickets (id, event_id, user_id, category, place) values (9, 98, 79, 'STANDARD', 29);
insert into tickets (id, event_id, user_id, category, place) values (10, 80, 98, 'PREMIUM', 66);
insert into tickets (id, event_id, user_id, category, place) values (11, 7, 39, 'BAR', 7);
insert into tickets (id, event_id, user_id, category, place) values (12, 13, 25, 'BAR', 84);
insert into tickets (id, event_id, user_id, category, place) values (13, 6, 49, 'BAR', 67);
insert into tickets (id, event_id, user_id, category, place) values (14, 61, 29, 'STANDARD', 57);
insert into tickets (id, event_id, user_id, category, place) values (15, 17, 13, 'BAR', 71);
insert into tickets (id, event_id, user_id, category, place) values (16, 57, 17, 'STANDARD', 58);
insert into tickets (id, event_id, user_id, category, place) values (17, 93, 30, 'PREMIUM', 51);
insert into tickets (id, event_id, user_id, category, place) values (18, 72, 93, 'BAR', 20);
insert into tickets (id, event_id, user_id, category, place) values (19, 50, 79, 'PREMIUM', 33);
insert into tickets (id, event_id, user_id, category, place) values (20, 52, 73, 'PREMIUM', 59);
insert into tickets (id, event_id, user_id, category, place) values (21, 73, 55, 'BAR', 30);
insert into tickets (id, event_id, user_id, category, place) values (22, 6, 11, 'STANDARD', 55);
insert into tickets (id, event_id, user_id, category, place) values (23, 11, 79, 'PREMIUM', 64);
insert into tickets (id, event_id, user_id, category, place) values (24, 91, 11, 'BAR', 16);
insert into tickets (id, event_id, user_id, category, place) values (25, 48, 20, 'PREMIUM', 88);
insert into tickets (id, event_id, user_id, category, place) values (26, 83, 23, 'STANDARD', 48);
insert into tickets (id, event_id, user_id, category, place) values (27, 18, 41, 'PREMIUM', 51);
insert into tickets (id, event_id, user_id, category, place) values (28, 77, 47, 'STANDARD', 8);
insert into tickets (id, event_id, user_id, category, place) values (29, 98, 8, 'BAR', 13);
insert into tickets (id, event_id, user_id, category, place) values (30, 59, 42, 'PREMIUM', 21);
insert into tickets (id, event_id, user_id, category, place) values (31, 92, 37, 'PREMIUM', 3);
insert into tickets (id, event_id, user_id, category, place) values (32, 57, 18, 'PREMIUM', 81);
insert into tickets (id, event_id, user_id, category, place) values (33, 16, 80, 'STANDARD', 79);
insert into tickets (id, event_id, user_id, category, place) values (34, 71, 87, 'STANDARD', 14);
insert into tickets (id, event_id, user_id, category, place) values (35, 18, 99, 'PREMIUM', 11);
insert into tickets (id, event_id, user_id, category, place) values (36, 41, 99, 'STANDARD', 53);
insert into tickets (id, event_id, user_id, category, place) values (37, 54, 47, 'BAR', 47);
insert into tickets (id, event_id, user_id, category, place) values (38, 74, 73, 'BAR', 86);
insert into tickets (id, event_id, user_id, category, place) values (39, 65, 19, 'STANDARD', 74);
insert into tickets (id, event_id, user_id, category, place) values (40, 99, 25, 'PREMIUM', 62);
insert into tickets (id, event_id, user_id, category, place) values (41, 59, 33, 'BAR', 80);
insert into tickets (id, event_id, user_id, category, place) values (42, 12, 54, 'STANDARD', 76);
insert into tickets (id, event_id, user_id, category, place) values (43, 75, 86, 'STANDARD', 59);
insert into tickets (id, event_id, user_id, category, place) values (44, 76, 92, 'STANDARD', 29);
insert into tickets (id, event_id, user_id, category, place) values (45, 26, 96, 'STANDARD', 19);
insert into tickets (id, event_id, user_id, category, place) values (46, 62, 70, 'BAR', 70);
insert into tickets (id, event_id, user_id, category, place) values (47, 54, 43, 'STANDARD', 38);
insert into tickets (id, event_id, user_id, category, place) values (48, 71, 18, 'STANDARD', 16);
insert into tickets (id, event_id, user_id, category, place) values (49, 81, 36, 'BAR', 95);
insert into tickets (id, event_id, user_id, category, place) values (50, 12, 99, 'STANDARD', 5);
insert into tickets (id, event_id, user_id, category, place) values (51, 79, 79, 'BAR', 74);
insert into tickets (id, event_id, user_id, category, place) values (52, 88, 53, 'BAR', 70);
insert into tickets (id, event_id, user_id, category, place) values (53, 45, 86, 'PREMIUM', 33);
insert into tickets (id, event_id, user_id, category, place) values (54, 15, 8, 'BAR', 24);
insert into tickets (id, event_id, user_id, category, place) values (55, 89, 61, 'STANDARD', 17);
insert into tickets (id, event_id, user_id, category, place) values (56, 40, 62, 'PREMIUM', 21);
insert into tickets (id, event_id, user_id, category, place) values (57, 7, 31, 'BAR', 66);
insert into tickets (id, event_id, user_id, category, place) values (58, 85, 28, 'STANDARD', 29);
insert into tickets (id, event_id, user_id, category, place) values (59, 14, 67, 'STANDARD', 67);
insert into tickets (id, event_id, user_id, category, place) values (60, 95, 97, 'BAR', 65);
insert into tickets (id, event_id, user_id, category, place) values (61, 18, 94, 'PREMIUM', 95);
insert into tickets (id, event_id, user_id, category, place) values (62, 56, 44, 'STANDARD', 25);
insert into tickets (id, event_id, user_id, category, place) values (63, 67, 36, 'STANDARD', 47);
insert into tickets (id, event_id, user_id, category, place) values (64, 87, 92, 'PREMIUM', 26);
insert into tickets (id, event_id, user_id, category, place) values (65, 30, 93, 'BAR', 33);
insert into tickets (id, event_id, user_id, category, place) values (66, 17, 12, 'PREMIUM', 94);
insert into tickets (id, event_id, user_id, category, place) values (67, 80, 71, 'PREMIUM', 1);
insert into tickets (id, event_id, user_id, category, place) values (68, 65, 51, 'STANDARD', 95);
insert into tickets (id, event_id, user_id, category, place) values (69, 8, 84, 'PREMIUM', 56);
insert into tickets (id, event_id, user_id, category, place) values (70, 47, 76, 'BAR', 23);
insert into tickets (id, event_id, user_id, category, place) values (71, 64, 32, 'BAR', 48);
insert into tickets (id, event_id, user_id, category, place) values (72, 32, 15, 'BAR', 15);
insert into tickets (id, event_id, user_id, category, place) values (73, 9, 17, 'STANDARD', 99);
insert into tickets (id, event_id, user_id, category, place) values (74, 68, 78, 'BAR', 32);
insert into tickets (id, event_id, user_id, category, place) values (75, 26, 56, 'BAR', 72);
insert into tickets (id, event_id, user_id, category, place) values (76, 28, 30, 'STANDARD', 42);
insert into tickets (id, event_id, user_id, category, place) values (77, 82, 23, 'PREMIUM', 95);
insert into tickets (id, event_id, user_id, category, place) values (78, 93, 90, 'PREMIUM', 89);
insert into tickets (id, event_id, user_id, category, place) values (79, 69, 38, 'STANDARD', 57);
insert into tickets (id, event_id, user_id, category, place) values (80, 89, 60, 'BAR', 1);
insert into tickets (id, event_id, user_id, category, place) values (81, 19, 66, 'PREMIUM', 19);
insert into tickets (id, event_id, user_id, category, place) values (82, 35, 98, 'STANDARD', 41);
insert into tickets (id, event_id, user_id, category, place) values (83, 37, 71, 'BAR', 12);
insert into tickets (id, event_id, user_id, category, place) values (84, 74, 16, 'BAR', 47);
insert into tickets (id, event_id, user_id, category, place) values (85, 22, 46, 'STANDARD', 5);
insert into tickets (id, event_id, user_id, category, place) values (86, 53, 4, 'BAR', 22);
insert into tickets (id, event_id, user_id, category, place) values (87, 37, 99, 'PREMIUM', 32);
insert into tickets (id, event_id, user_id, category, place) values (88, 27, 6, 'STANDARD', 61);
insert into tickets (id, event_id, user_id, category, place) values (89, 99, 46, 'STANDARD', 91);
insert into tickets (id, event_id, user_id, category, place) values (90, 46, 29, 'STANDARD', 52);
insert into tickets (id, event_id, user_id, category, place) values (91, 78, 22, 'STANDARD', 66);
insert into tickets (id, event_id, user_id, category, place) values (92, 84, 64, 'PREMIUM', 29);
insert into tickets (id, event_id, user_id, category, place) values (93, 97, 60, 'STANDARD', 78);
insert into tickets (id, event_id, user_id, category, place) values (94, 12, 61, 'BAR', 78);
insert into tickets (id, event_id, user_id, category, place) values (95, 79, 58, 'PREMIUM', 31);
insert into tickets (id, event_id, user_id, category, place) values (96, 55, 14, 'BAR', 66);
insert into tickets (id, event_id, user_id, category, place) values (97, 50, 82, 'PREMIUM', 38);
insert into tickets (id, event_id, user_id, category, place) values (98, 100, 69, 'STANDARD', 79);
insert into tickets (id, event_id, user_id, category, place) values (99, 8, 97, 'BAR', 92);
insert into tickets (id, event_id, user_id, category, place) values (100, 66, 39, 'PREMIUM', 33);

